Model,Accuracy,Precision,Recall,F1 Score
RandomForest,0.8859918200408998,0.8980306516919433,0.8859918200408998,0.8854276044258984
NaiveBayes,0.8936605316973415,0.8941210031658616,0.8936605316973415,0.893680546654673
XGBoost,0.9038854805725971,0.9119274155490265,0.9038854805725971,0.9036157232910159
SVM_Linear,0.9079754601226994,0.9115209507325768,0.9079754601226994,0.9079034723421441
SVM_RBF,0.9125766871165644,0.9156159149738833,0.9125766871165644,0.9125267042567411
SVM_Poly,0.8696319018404908,0.8744204238810914,0.8696319018404908,0.8689646767211043
SVM_Sigmoid,0.8987730061349694,0.9029102103347607,0.8987730061349694,0.8986662778708474
